env,num_obstacles,success_rate,time_mean,time_ci_low,time_ci_high
q4_obstacle1.yaml,1,1.0,0.0812432289123535,0.0707118197524446,0.0917746380722623
q4_obstacle2.yaml,2,1.0,0.0597815632820129,0.0522376132695048,0.067325513294521
q4_obstacle3.yaml,3,1.0,1.8732686281204225,1.5063485441084874,2.2401887121323574
q4_obstacle4.yaml,4,1.0,1.7217740535736084,1.378848157836813,2.064699949310404
q4_obstacle5.yaml,5,1.0,1.6420122146606446,1.3346646577606318,1.9493597715606572
q4_obstacle6.yaml,6,1.0,1.692453408241272,1.3564637330914575,2.0284430833910863
q4_obstacle7.yaml,7,1.0,1.3008574485778808,1.121236560003357,1.4804783371524046
q4_obstacle8.yaml,8,0.4,97.03143289089203,85.74979307477133,108.31307270701274
